{"ACCESS-CM2":{"-2556057600000":0.0404270347},"ACCESS-ESM1-5":{"-2556057600000":1.8145516457},"AWI-ESM-1-1-LR":{"-2556057600000":35.5793357827},"BCC-CSM2-MR":{"-2556057600000":4.2681117193},"BCC-ESM1":{"-2556057600000":0.001107466},"CMCC-CM2-HR4":{"-2556057600000":11.4105370827},"CMCC-CM2-SR5":{"-2556057600000":0.0000000332},"CMCC-ESM2":{"-2556057600000":2.6687999605},"CanESM5":{"-2556057600000":1.3212148275},"EC-Earth3-Veg-LR":{"-2556057600000":1.5152930282},"FGOALS-g3":{"-2556057600000":0.0907136775},"GFDL-CM4":{"-2556057600000":0.1303258021},"INM-CM4-8":{"-2556057600000":2.4472535297},"INM-CM5-0":{"-2556057600000":35.497001186},"KIOST-ESM":{"-2556057600000":0.0028709902},"MIROC6":{"-2556057600000":0.6480307478},"MPI-ESM-1-2-HAM":{"-2556057600000":0.0},"MPI-ESM1-2-HR":{"-2556057600000":0.0},"MPI-ESM1-2-LR":{"-2556057600000":0.0000653788},"MRI-ESM2-0":{"-2556057600000":0.0000034455},"NESM3":{"-2556057600000":15.7609598245},"NorESM2-LM":{"-2556057600000":0.0000475965},"NorESM2-MM":{"-2556057600000":2.4510745774},"SAM0-UNICON":{"-2556057600000":0.2213236163},"TaiESM1":{"-2556057600000":2.2579325829}}